municipio,id_distrito,nombre_distrito,year,quarter,price_m2,price_next_pred,delta_pred
alhaurin_de_la_torre,3,Pinos de Alhaurín,2024,Q4,2374.0,2417.993870864549,43.99387086454908
alhaurin_de_la_torre,4,El Romeral - Peñón de Zapata,2024,Q4,2042.0,2084.336208608673,42.33620860867313
alhaurin_de_la_torre,5,Centro,2024,Q4,2512.0,2561.528237308066,49.528237308065854
alhaurin_de_la_torre,6,Platero - El Limón,2024,Q4,2234.0,2280.3038658341807,46.30386583418067
alhaurin_de_la_torre,7,Jardines de Alhaurín - Huerta Alta - Fuensanguínea,2024,Q4,2369.67,2416.769367495467,47.09936749546705
alhaurin_de_la_torre,8,Capellanía - Retamar,2024,Q4,2243.33,2292.7398648970093,49.409864897009356
alhaurin_de_la_torre,9,Manantiales - Lagar - Cortijo,2024,Q4,2028.0,2072.45081928579,44.4508192857902
benahavis,1,La Zagaleta,2024,Q4,6725.33,6838.253777576498,112.92377757649774
benahavis,2,Montemayor - Marbella Club,2024,Q4,4499.33,4608.602416789414,109.27241678941391
benahavis,3,Benahavís,2024,Q4,4099.0,4218.043055915958,119.04305591595767
benahavis,5,La Quinta,2024,Q4,5350.67,5473.196526340511,122.52652634051083
benahavis,6,Los Arqueros - Puerto del Almendro,2024,Q4,4312.67,4436.042657454174,123.37265745417426
benahavis,8,El Paraíso,2024,Q4,4415.67,4540.169617714188,124.49961771418748
benahavis,9,Los Flamingos,2024,Q4,4738.0,4856.31177714186,118.31177714186015
benalmadena,1,Torremuelle,2024,Q4,3645.67,3740.1504287911994,94.4804287911993
benalmadena,2,El Higuerón - Capellanía,2024,Q4,4313.0,4408.716802027815,95.71680202781499
benalmadena,3,Benalmádena Pueblo,2024,Q4,2911.67,3001.817417646008,90.14741764600785
benalmadena,4,Montealto,2024,Q4,3152.33,3241.036982339854,88.70698233985422
benalmadena,5,Torrequebrada,2024,Q4,3378.0,3467.82330058898,89.82330058898015
benalmadena,6,Santangelo,2024,Q4,2686.33,2774.8824499477187,88.55244994771874
benalmadena,7,Arroyo de la Miel,2024,Q4,2772.67,2866.391068868447,93.72106886844676
benalmadena,8,Parque de la Paloma,2024,Q4,4330.0,4424.554933622323,94.554933622323
benalmadena,9,Solymar - Puerto Marina,2024,Q4,3719.33,3817.792874113259,98.4628741132592
estepona,1,Altos de Estepona,2024,Q4,3729.33,3792.003307679238,62.67330767923795
estepona,2,Playa Bahía Dorada,2024,Q4,3387.0,3454.7678641095517,67.76786410955174
estepona,3,Costa Natura,2024,Q4,3751.0,3820.849414909042,69.84941490904203
estepona,4,Seghers,2024,Q4,4694.0,4767.302510382571,73.3025103825712
estepona,5,Estepona Pueblo,2024,Q4,3390.0,3475.0550352433784,85.05503524337837
estepona,6,Punta Plata,2024,Q4,4788.0,4861.893732873299,73.89373287329909
estepona,7,Selwo,2024,Q4,3776.67,3856.879283535143,80.20928353514273
estepona,8,Benamara - Atalaya,2024,Q4,3612.0,3705.0986181834433,93.09861818344325
fuengirola,1,Zona Sohail,2024,Q4,3993.0,4123.58325304475,130.58325304474965
fuengirola,2,Centro Ciudad,2024,Q4,2893.33,3012.624290342166,119.29429034216628
fuengirola,3,Zona Puerto Deportivo,2024,Q4,4062.33,4186.894326829669,124.56432682966897
fuengirola,4,Los Boliches,2024,Q4,3071.33,3181.803883059584,110.4738830595843
fuengirola,5,Playa de los Boliches,2024,Q4,4013.0,4126.233601035006,113.23360103500636
fuengirola,6,Los Pacos,2024,Q4,2895.0,3004.2846640638472,109.28466406384723
fuengirola,7,Torreblanca del Sol,2024,Q4,4207.33,4319.146331353627,111.81633135362699
fuengirola,8,Las Gaviotas,2024,Q4,4959.67,5072.7776895395555,113.1076895395554
malaga,1,Centro,2024,Q4,3855.67,3966.1785394890926,110.50853948909253
malaga,2,Málaga Este,2024,Q4,4145.0,4257.782709999486,112.78270999948563
malaga,3,Ciudad-Jardín,2024,Q4,2088.0,2165.6821889826215,77.68218898262148
malaga,4,Bailén-Miraflores,2024,Q4,2464.0,2552.699145360434,88.69914536043416
malaga,5,Palma-Palmilla,2024,Q4,1072.0,1143.1909708372955,71.19097083729548
malaga,6,Cruz de Humilladero,2024,Q4,2761.33,2866.0233042797577,104.69330427975774
malaga,7,Carretera Cádiz,2024,Q4,3360.33,3478.361901507839,118.03190150783894
malaga,8,Churriana,2024,Q4,2385.0,2453.7412027401356,68.74120274013558
malaga,9,Campanillas,2024,Q4,2169.33,2254.037018832515,84.70701883251513
malaga,10,Puerto de la Torre,2024,Q4,2538.67,2618.6007940149493,79.93079401494924
malaga,11,Teatinos-Universidad,2024,Q4,3537.67,3619.7497345528527,82.07973455285264
marbella,1,San Pedro de Alcántara,2024,Q4,4416.67,4560.659919251579,143.9899192515786
marbella,2,Nueva Andalucía,2024,Q4,5443.33,5591.1255661349605,147.7955661349606
marbella,3,Nagüeles-Milla de Oro,2024,Q4,6308.67,6467.625804413954,158.95580441395396
marbella,4,Marbella Pueblo,2024,Q4,4205.33,4350.581403252876,145.25140325287612
marbella,5,Río Real-Los Monteros,2024,Q4,4335.67,4474.315484223296,138.64548422329608
marbella,6,Las Chapas-El Rosario,2024,Q4,4697.33,4834.794375410149,137.46437541014893
marbella,7,Elviria-Cabopino,2024,Q4,4226.33,4371.067270651428,144.73727065142793
mijas,1,Sitio de Calahonda,2024,Q4,3146.0,3230.9219551338474,84.9219551338474
mijas,2,Riviera del Sol,2024,Q4,2697.67,2780.4993581121244,82.82935811212428
mijas,3,La Cala de Mijas,2024,Q4,3761.0,3842.972253047801,81.97225304780113
mijas,6,Mijas Pueblo,2024,Q4,3243.67,3322.5060309535293,78.83603095352919
mijas,7,Mijas Golf,2024,Q4,2686.67,2762.78680681024,76.11680681023972
mijas,8,Campo de Mijas,2024,Q4,2385.0,2460.820370798881,75.82037079888096
mijas,10,Las Lagunas,2024,Q4,2777.33,2857.263812604795,79.9338126047951
mijas,11,Hipódromo - Cerrado del Águila,2024,Q4,2936.0,3008.1958974806557,72.19589748065573
mijas,12,Calaburra - Chaparral,2024,Q4,4038.33,4124.192183788803,85.86218378880312
rincon_de_la_victoria,1,La Cala del Moral,2024,Q4,2705.33,2777.8915950587925,72.56159505879259
rincon_de_la_victoria,2,Cotomar - Urbanizaciones,2024,Q4,2674.33,2745.4813023597035,71.15130235970355
rincon_de_la_victoria,4,Playa del Rincón,2024,Q4,3272.67,3352.1675244427947,79.49752444279466
rincon_de_la_victoria,5,Lo Cea - Los Cortijos,2024,Q4,3070.0,3149.8924122637927,79.89241226379272
rincon_de_la_victoria,6,Torre de Benagalbón,2024,Q4,3104.67,3197.860996788908,93.1909967889078
rincon_de_la_victoria,8,Añoreta Golf - Paraíso del Sol,2024,Q4,2330.67,2405.396526690705,74.72652669070476
rincon_de_la_victoria,9,Añoreta baja,2024,Q4,3065.0,3142.444341053846,77.44434105384607
torremolinos,1,El Pinillo,2024,Q4,3083.0,3170.4347600759775,87.43476007597747
torremolinos,2,La Leala - El saltillo,2024,Q4,3042.67,3134.0997333566966,91.42973335669649
torremolinos,3,La Carihuela - Los Nidos,2024,Q4,4068.33,4170.458914689361,102.12891468936141
torremolinos,4,Montemar,2024,Q4,3238.33,3333.1745615995083,94.84456159950832
torremolinos,5,Centro,2024,Q4,3167.67,3261.2460038533136,93.57600385331352
torremolinos,6,El Pinar - Palacio de Congresos,2024,Q4,2611.0,2704.545395142419,93.54539514241878
torremolinos,7,Playamar,2024,Q4,4104.0,4217.696295885878,113.69629588587759
torremolinos,8,El Bajondillo,2024,Q4,4123.67,4230.492387633211,106.82238763321129
